{"cameraMode":{"drawMode":0,"name":"Shaded","section":"Shading Mode"},"sceneLighting":false,"audioPlay":false,"sceneViewState":{"m_AlwaysRefresh":false,"showFog":true,"showSkybox":false,"showFlares":true,"showImageEffects":true,"showParticleSystems":true,"showVisualEffectGraphs":true,"m_FxEnabled":true},"in2DMode":false,"pivot":{"x":1.9783459901809693,"y":1.4020051956176758,"z":11.33824634552002},"rotation":{"x":-0.017832007259130479,"y":-0.285432904958725,"z":0.005320819094777107,"w":-0.9582444429397583},"size":11.762871742248536,"orthographic":false}