{"cameraMode":{"drawMode":0,"name":"Shaded","section":"Shading Mode"},"sceneLighting":false,"audioPlay":false,"sceneViewState":{"m_AlwaysRefresh":false,"showFog":true,"showSkybox":true,"showFlares":true,"showImageEffects":true,"showParticleSystems":true,"showVisualEffectGraphs":true,"m_FxEnabled":true},"in2DMode":false,"pivot":{"x":13.794816970825196,"y":-9.89622974395752,"z":-75.17451477050781},"rotation":{"x":-0.09182590246200562,"y":-0.010047542862594128,"z":-0.0007442805799655616,"w":0.9957292079925537},"size":0.9568812847137451,"orthographic":false}