{"cameraMode":{"drawMode":0,"name":"Shaded","section":"Shading Mode"},"sceneLighting":false,"audioPlay":false,"sceneViewState":{"m_AlwaysRefresh":false,"showFog":true,"showSkybox":false,"showFlares":true,"showImageEffects":true,"showParticleSystems":true,"showVisualEffectGraphs":true,"m_FxEnabled":true},"in2DMode":false,"pivot":{"x":49.360008239746097,"y":94.59037017822266,"z":16.65533447265625},"rotation":{"x":0.06075171381235123,"y":0.013061757199466229,"z":0.001662781578488648,"w":0.998064398765564},"size":444.97479248046877,"orthographic":false}