{"cameraMode":{"drawMode":0,"name":"Shaded","section":"Shading Mode"},"sceneLighting":false,"audioPlay":false,"sceneViewState":{"m_AlwaysRefresh":false,"showFog":true,"showSkybox":false,"showFlares":true,"showImageEffects":true,"showParticleSystems":true,"showVisualEffectGraphs":true,"m_FxEnabled":true},"in2DMode":false,"pivot":{"x":-13.359824180603028,"y":-0.04804801940917969,"z":6.405580520629883},"rotation":{"x":0.12297701090574265,"y":-0.14295704662799836,"z":0.017843615263700486,"w":0.9819383025169373},"size":10.771614074707032,"orthographic":false}