{"cameraMode":{"drawMode":0,"name":"Shaded","section":"Shading Mode"},"sceneLighting":false,"audioPlay":false,"sceneViewState":{"m_AlwaysRefresh":false,"showFog":true,"showSkybox":false,"showFlares":true,"showImageEffects":true,"showParticleSystems":true,"showVisualEffectGraphs":true,"m_FxEnabled":true},"in2DMode":false,"pivot":{"x":-9.702649116516114,"y":2.2688000202178957,"z":-7.821285247802734},"rotation":{"x":0.018929071724414827,"y":0.07016995549201966,"z":-0.001415124861523509,"w":0.9974223375320435},"size":1.5842978954315186,"orthographic":false}