{"cameraMode":{"drawMode":0,"name":"Shaded","section":"Shading Mode"},"sceneLighting":false,"audioPlay":false,"sceneViewState":{"m_AlwaysRefresh":false,"showFog":true,"showSkybox":false,"showFlares":true,"showImageEffects":true,"showParticleSystems":true,"showVisualEffectGraphs":true,"m_FxEnabled":true},"in2DMode":false,"pivot":{"x":2.8644306659698488,"y":-2.450761079788208,"z":10.218913078308106},"rotation":{"x":0.14487692713737489,"y":0.1025400385260582,"z":-0.015157273039221764,"w":0.9840468764305115},"size":10.771614074707032,"orthographic":false}