{"cameraMode":{"drawMode":0,"name":"Shaded","section":"Shading Mode"},"sceneLighting":false,"audioPlay":false,"sceneViewState":{"m_AlwaysRefresh":false,"showFog":true,"showSkybox":false,"showFlares":true,"showImageEffects":true,"showParticleSystems":true,"showVisualEffectGraphs":true,"m_FxEnabled":true},"in2DMode":false,"pivot":{"x":-0.540834903717041,"y":0.3508721590042114,"z":-0.7023693919181824},"rotation":{"x":-0.16863638162612916,"y":-0.06530691683292389,"z":0.011217576451599598,"w":-0.9835335612297058},"size":0.7141428589820862,"orthographic":false}