{"cameraMode":{"drawMode":0,"name":"Shaded","section":"Shading Mode"},"sceneLighting":false,"audioPlay":false,"sceneViewState":{"m_AlwaysRefresh":false,"showFog":true,"showSkybox":false,"showFlares":true,"showImageEffects":true,"showParticleSystems":true,"showVisualEffectGraphs":true,"m_FxEnabled":true},"in2DMode":false,"pivot":{"x":-0.2843116521835327,"y":0.024983257055282594,"z":0.07915997505187988},"rotation":{"x":0.11375974863767624,"y":0.07177948206663132,"z":-0.008150510489940644,"w":0.9907998442649841},"size":1.3225531578063965,"orthographic":false}