{"cameraMode":{"drawMode":0,"name":"Shaded","section":"Shading Mode"},"sceneLighting":false,"audioPlay":false,"sceneViewState":{"m_AlwaysRefresh":false,"showFog":true,"showSkybox":false,"showFlares":true,"showImageEffects":true,"showParticleSystems":true,"showVisualEffectGraphs":true,"m_FxEnabled":true},"in2DMode":false,"pivot":{"x":236.09420776367188,"y":-154.81056213378907,"z":248.78634643554688},"rotation":{"x":0.18891841173171998,"y":0.41355976462364199,"z":-0.08831322193145752,"w":0.8862676024436951},"size":341.47613525390627,"orthographic":false}