{"cameraMode":{"drawMode":0,"name":"Shaded","section":"Shading Mode"},"sceneLighting":false,"audioPlay":false,"sceneViewState":{"m_AlwaysRefresh":false,"showFog":true,"showSkybox":false,"showFlares":true,"showImageEffects":true,"showParticleSystems":true,"showVisualEffectGraphs":true,"m_FxEnabled":true},"in2DMode":false,"pivot":{"x":-17.296358108520509,"y":2.295534133911133,"z":-8.154321670532227},"rotation":{"x":0.026359951123595239,"y":-0.9184173345565796,"z":0.06209508329629898,"w":0.38982173800468447},"size":9.843915939331055,"orthographic":false}