{"cameraMode":{"drawMode":0,"name":"Shaded","section":"Shading Mode"},"sceneLighting":false,"audioPlay":false,"sceneViewState":{"m_AlwaysRefresh":false,"showFog":true,"showSkybox":false,"showFlares":true,"showImageEffects":true,"showParticleSystems":true,"showVisualEffectGraphs":true,"m_FxEnabled":true},"in2DMode":false,"pivot":{"x":-0.007139056921005249,"y":0.4900563359260559,"z":-0.041370511054992679},"rotation":{"x":0.08470956981182099,"y":-0.0981840267777443,"z":0.008324941620230675,"w":0.9916208982467651},"size":0.9268806576728821,"orthographic":false}