{"cameraMode":{"drawMode":0,"name":"Shaded","section":"Shading Mode"},"sceneLighting":true,"audioPlay":false,"sceneViewState":{"m_AlwaysRefresh":false,"showFog":true,"showSkybox":true,"showFlares":true,"showImageEffects":true,"showParticleSystems":true,"showVisualEffectGraphs":true,"m_FxEnabled":true},"in2DMode":false,"pivot":{"x":-146.98529052734376,"y":-387.46417236328127,"z":1456.6536865234375},"rotation":{"x":-0.12578482925891877,"y":0.054136358201503757,"z":-0.006871688645333052,"w":-0.9905438423156738},"size":831.9192504882813,"orthographic":false}