{"cameraMode":{"drawMode":0,"name":"Shaded","section":"Shading Mode"},"sceneLighting":true,"audioPlay":false,"sceneViewState":{"m_AlwaysRefresh":false,"showFog":true,"showSkybox":true,"showFlares":true,"showImageEffects":true,"showParticleSystems":true,"showVisualEffectGraphs":true,"m_FxEnabled":true},"in2DMode":false,"pivot":{"x":-2.4169764518737795,"y":2.8840296268463136,"z":-12.980774879455567},"rotation":{"x":0.12098591774702072,"y":-0.32448524236679079,"z":-0.04192313179373741,"w":-0.9372325539588928},"size":0.8660253882408142,"orthographic":false}