{"cameraMode":{"drawMode":0,"name":"Shaded","section":"Shading Mode"},"sceneLighting":true,"audioPlay":false,"sceneViewState":{"m_AlwaysRefresh":false,"showFog":true,"showSkybox":true,"showFlares":true,"showImageEffects":true,"showParticleSystems":true,"showVisualEffectGraphs":true,"m_FxEnabled":true},"in2DMode":false,"pivot":{"x":-1.5248032808303834,"y":6.388330936431885,"z":13.184591293334961},"rotation":{"x":0.23713038861751557,"y":-0.001446200767531991,"z":-0.00037063949275761843,"w":-0.9715713262557983},"size":20.32605743408203,"orthographic":false}