{"cameraMode":{"drawMode":0,"name":"Shaded","section":"Shading Mode"},"sceneLighting":false,"audioPlay":false,"sceneViewState":{"m_AlwaysRefresh":false,"showFog":true,"showSkybox":false,"showFlares":true,"showImageEffects":true,"showParticleSystems":true,"showVisualEffectGraphs":true,"m_FxEnabled":true},"in2DMode":false,"pivot":{"x":0.040258750319480899,"y":0.11334669589996338,"z":0.061508119106292728},"rotation":{"x":-0.19993363320827485,"y":-0.005295412614941597,"z":0.0010699316626414657,"w":-0.9797057509422302},"size":0.47355830669403078,"orthographic":false}