{"cameraMode":{"drawMode":0,"name":"Shaded","section":"Shading Mode"},"sceneLighting":true,"audioPlay":false,"sceneViewState":{"m_AlwaysRefresh":false,"showFog":true,"showSkybox":true,"showFlares":true,"showImageEffects":true,"showParticleSystems":true,"showVisualEffectGraphs":true,"m_FxEnabled":true},"in2DMode":false,"pivot":{"x":493.3196105957031,"y":360.90032958984377,"z":-825.7715454101563},"rotation":{"x":-0.08115293085575104,"y":0.042712707072496417,"z":-0.0036751502193510534,"w":-0.9959539771080017},"size":0.648655354976654,"orthographic":false}