{"cameraMode":{"drawMode":0,"name":"Shaded","section":"Shading Mode"},"sceneLighting":true,"audioPlay":false,"sceneViewState":{"m_AlwaysRefresh":false,"showFog":true,"showSkybox":true,"showFlares":true,"showImageEffects":true,"showParticleSystems":true,"showVisualEffectGraphs":true,"m_FxEnabled":true},"in2DMode":false,"pivot":{"x":50.32392120361328,"y":24.277280807495118,"z":-2.7894744873046877},"rotation":{"x":-0.035842165350914,"y":0.08474007993936539,"z":0.0031831851229071619,"w":0.9958263635635376},"size":43.700626373291019,"orthographic":false}