{"cameraMode":{"drawMode":0,"name":"Shaded","section":"Shading Mode"},"sceneLighting":false,"audioPlay":false,"sceneViewState":{"m_AlwaysRefresh":false,"showFog":true,"showSkybox":true,"showFlares":true,"showImageEffects":true,"showParticleSystems":true,"showVisualEffectGraphs":true,"m_FxEnabled":true},"in2DMode":false,"pivot":{"x":31.585840225219728,"y":-13.336678504943848,"z":-44.69716262817383},"rotation":{"x":-0.34736406803131106,"y":0.07477372139692307,"z":0.02799329347908497,"w":0.9343299269676209},"size":0.9568812847137451,"orthographic":false}