{"cameraMode":{"drawMode":0,"name":"Shaded","section":"Shading Mode"},"sceneLighting":false,"audioPlay":false,"sceneViewState":{"m_AlwaysRefresh":false,"showFog":true,"showSkybox":true,"showFlares":true,"showImageEffects":true,"showParticleSystems":true,"showVisualEffectGraphs":true,"m_FxEnabled":true},"in2DMode":false,"pivot":{"x":-11.5094633102417,"y":-2.995055675506592,"z":21.449798583984376},"rotation":{"x":-0.004781137220561504,"y":-0.12983258068561555,"z":0.0005199592560529709,"w":-0.9914177060127258},"size":49.98332977294922,"orthographic":false}