{"cameraMode":{"drawMode":0,"name":"Shaded","section":"Shading Mode"},"sceneLighting":true,"audioPlay":false,"sceneViewState":{"m_AlwaysRefresh":false,"showFog":true,"showSkybox":true,"showFlares":true,"showImageEffects":true,"showParticleSystems":true,"showVisualEffectGraphs":true,"m_FxEnabled":true},"in2DMode":false,"pivot":{"x":-77.6762924194336,"y":-124.16600036621094,"z":780.1425170898438},"rotation":{"x":0.0828981101512909,"y":-0.055635470896959308,"z":0.007078617345541716,"w":0.9949513077735901},"size":405.24542236328127,"orthographic":false}