{"cameraMode":{"drawMode":0,"name":"Shaded","section":"Shading Mode"},"sceneLighting":true,"audioPlay":false,"sceneViewState":{"m_AlwaysRefresh":false,"showFog":true,"showSkybox":true,"showFlares":true,"showImageEffects":true,"showParticleSystems":true,"showVisualEffectGraphs":true,"m_FxEnabled":true},"in2DMode":false,"pivot":{"x":-60.31599044799805,"y":43.334476470947269,"z":99.54426574707031},"rotation":{"x":-0.11448774486780167,"y":-0.0023284221533685924,"z":0.002188863465562463,"w":0.993396520614624},"size":76.39737701416016,"orthographic":false}