{"cameraMode":{"drawMode":0,"name":"Shaded","section":"Shading Mode"},"sceneLighting":false,"audioPlay":false,"sceneViewState":{"m_AlwaysRefresh":false,"showFog":true,"showSkybox":false,"showFlares":true,"showImageEffects":true,"showParticleSystems":true,"showVisualEffectGraphs":true,"m_FxEnabled":true},"in2DMode":false,"pivot":{"x":0.21803498268127442,"y":-2.0502214431762697,"z":5.500041961669922},"rotation":{"x":-0.28376027941703799,"y":-0.04149243235588074,"z":0.012016411870718003,"w":-0.957813560962677},"size":10.29611587524414,"orthographic":false}